{
  "project_info": {
    "project_number": "997575299882",
    "firebase_url": "https://collabro-d9d7a.firebaseio.com",
    "project_id": "collabro-d9d7a",
    "storage_bucket": "collabro-d9d7a.appspot.com"
  },
  "client": [
    {
      "client_info": {
        "mobilesdk_app_id": "1:997575299882:android:24d7814b32245cdc82c453",
        "android_client_info": {
          "package_name": "com.example.collabro"
        }
      },
      "oauth_client": [
        {
          "client_id": "997575299882-op40ga0b7bamr55mpf7uks1mdjnnlhr2.apps.googleusercontent.com",
          "client_type": 1,
          "android_info": {
            "package_name": "com.example.collabro",
            "certificate_hash": "0d2faf331a900e068a6be64b854891173d8e4b5e"
          }
        },
        {
          "client_id": "997575299882-8447n4gsarggn58bc09sm36rehctlia6.apps.googleusercontent.com",
          "client_type": 3
        }
      ],
      "api_key": [
        {
          "current_key": "AIzaSyDtygBEuXSiTIBU-rCoGNhXOKCtwIbA-ZY"
        }
      ],
      "services": {
        "appinvite_service": {
          "other_platform_oauth_client": [
            {
              "client_id": "997575299882-8447n4gsarggn58bc09sm36rehctlia6.apps.googleusercontent.com",
              "client_type": 3
            }
          ]
        }
      }
    }
  ],
  "configuration_version": "1"
}